-- 1. municipio, profissional, doenca, paciente
-- 2. unidade_saude, investimento, diagnostico
-- 3. atuacao, atendimento

-- Adicionando 75 municipios
INSERT INTO municipio (nome_municipio, estado,  populacao, taxa_consultas, natalidade, mortalidade, cobertura_vacinal) VALUES
('São Paulo', 'SP', 12252023, 0.15, 0.02, 0.16, 0.10),
('Rio de Janeiro', 'RJ', 6775561, 0.05, 0.00, 0.18, 0.07),
('Salvador', 'BA', 2900319, 0.07, 0.09, 0.19, 0.19),
('Belo Horizonte', 'MG', 2530701, 0.09, 0.09, 0.10, 0.14),
('Fortaleza', 'CE', 2686612, 0.22, 0.18, 0.14, 0.21),
('Curitiba', 'PR', 1948626, 0.11, 0.21, 0.22, 0.24),
('Manaus', 'AM', 2115000, 0.15, 0.11, 0.09, 0.05),
('Recife', 'PE', 1645727, 0.04, 0.10, 0.19, 0.24),
('Porto Alegre', 'RS', 1488252, 0.17, 0.03, 0.25, 0.04),
('Goiânia', 'GO', 1537371, 0.04, 0.12, 0.20, 0.24),
('Belém', 'PA', 1499637, 0.22, 0.04, 0.16, 0.13),
('Brasília', 'DF', 3157145, 0.14, 0.07, 0.21, 0.20),
('Campinas', 'SP', 1200000, 0.15, 0.17, 0.19, 0.15),
('São Luís', 'MA', 1101884, 0.18, 0.18, 0.14, 0.17),
('Maceió', 'AL', 1034000, 0.24, 0.04, 0.06, 0.22),
('Natal', 'RN', 1400000, 0.06, 0.13, 0.02, 0.16),
('João Pessoa', 'PB', 800000, 0.02, 0.23, 0.08, 0.24),
('Teresina', 'PI', 864000, 0.24, 0.16, 0.14, 0.13),
('Aracaju', 'SE', 664000, 0.16, 0.23, 0.07, 0.01),
('Campo Grande', 'MS', 900000, 0.18, 0.10, 0.15, 0.05),
('Cuiabá', 'MT', 618000, 0.05, 0.23, 0.01, 0.24),
('Florianópolis', 'SC', 508000, 0.10, 0.04, 0.25, 0.03),
('São Bernardo do Campo', 'SP', 844000, 0.08, 0.17, 0.15, 0.12),
('São Caetano do Sul', 'SP', 155000, 0.15, 0.14, 0.13, 0.01),
('Santos', 'SP', 433000, 0.18, 0.01, 0.23, 0.22),
('Diadema', 'SP', 404000, 0.10, 0.24, 0.10, 0.08),
('Guarulhos', 'SP', 1300000, 0.12, 0.07, 0.22, 0.04),
('Osasco', 'SP', 700000, 0.08, 0.09, 0.10, 0.20),
('Itaquaquecetuba', 'SP', 380000, 0.15, 0.16, 0.16, 0.11),
('Carapicuíba', 'SP', 404000, 0.05, 0.07, 0.20, 0.07),
('Cajamar', 'SP', 52000, 0.07, 0.22, 0.03, 0.12),
('Suzano', 'SP', 300000, 0.06, 0.19, 0.23, 0.20),
('Jundiaí', 'SP', 170000, 0.16, 0.11, 0.10, 0.20),
('Taboão da Serra', 'SP', 280000, 0.11, 0.06, 0.09, 0.07),
('Barueri', 'SP', 300000, 0.20, 0.12, 0.04, 0.19),
('Piracicaba', 'SP', 400000, 0.12, 0.02, 0.01, 0.14),
('São Vicente', 'SP', 350000, 0.02, 0.17, 0.12, 0.01),
('Bauru', 'SP', 373000, 0.12, 0.16, 0.22, 0.20),
('São Carlos', 'SP', 240000, 0.11, 0.06, 0.06, 0.04),
('Sorocaba', 'SP', 700000, 0.14, 0.12, 0.08, 0.23),
('Mogi das Cruzes', 'SP', 400000, 0.14, 0.20, 0.21, 0.14),
('Limeira', 'SP', 300000, 0.15, 0.16, 0.10, 0.10),
('Franco da Rocha', 'SP', 150000, 0.10, 0.22, 0.19, 0.05),
('Tatuí', 'SP', 130000, 0.21, 0.11, 0.17, 0.04),
('Rio Claro', 'SP', 200000, 0.13, 0.19, 0.15, 0.24),
('Itu', 'SP', 160000, 0.23, 0.14, 0.04, 0.10),
('Pindamonhangaba', 'SP', 170000, 0.22, 0.25, 0.19, 0.21),
('Caraguatatuba', 'SP', 120000, 0.18, 0.16, 0.04, 0.23),
('Arujá', 'SP', 100000, 0.18, 0.01, 0.15, 0.09),
('Bertioga', 'SP', 40000, 0.03, 0.03, 0.02, 0.12),
('Embu das Artes', 'SP', 300000, 0.21, 0.08, 0.01, 0.01),
('Ferraz de Vasconcelos', 'SP', 150000, 0.17, 0.06, 0.22, 0.09),
('Igaratá', 'SP', 30000, 0.25, 0.22, 0.11, 0.20),
('Indaiatuba', 'SP', 250000, 0.12, 0.01, 0.08, 0.15),
('Jacareí', 'SP', 230000, 0.12, 0.06, 0.07, 0.11),
('Jaguariúna', 'SP', 140000, 0.13, 0.13, 0.02, 0.03),
('Louveira', 'SP', 40000, 0.22, 0.20, 0.18, 0.10),
('Mogi Guaçu', 'SP', 150000, 0.10, 0.24, 0.24, 0.18),
('Morato', 'SP', 50000, 0.14, 0.17, 0.18, 0.12),
('Nova Odessa', 'SP', 50000, 0.24, 0.12, 0.06, 0.07),
('Paulínia', 'SP', 100000, 0.19, 0.11, 0.12, 0.08),
('Pirajuí', 'SP', 40000, 0.09, 0.02, 0.17, 0.00),
('Rio Grande da Serra', 'SP', 50000, 0.11, 0.13, 0.19, 0.14),
('Araras', 'SP', 130000, 0.03, 0.03, 0.24, 0.07),
('Santo André', 'SP', 700000, 0.06, 0.07, 0.21, 0.04),
('Santo Amaro', 'SP', 200000, 0.18, 0.25, 0.13, 0.25),
('São Mateus', 'SP', 200000, 0.07, 0.11, 0.10, 0.18),
('Tremembé', 'SP', 70000, 0.11, 0.06, 0.03, 0.02),
('Valinhos', 'SP', 120000, 0.16, 0.04, 0.14, 0.03),
('Vinhedo', 'SP', 70000, 0.11, 0.12, 0.08, 0.07),
('Votorantim', 'SP', 130000, 0.12, 0.18, 0.12, 0.09),
('Bofete', 'SP', 20000, 0.08, 0.02, 0.17, 0.09),
('São Sebastião', 'SP', 50000, 0.12, 0.04, 0.04, 0.22),
('Itapevi', 'SP', 220000, 0.06, 0.02, 0.16, 0.23),
('Socorro', 'SP', 50000, 0.21, 0.00, 0.19, 0.24);


-- Inserindo 90 profissionais
INSERT INTO profissional_saude (cpf_profissional, nome_profissional, reg_profissional, tipo_profissional) VALUES
(12345678900, 'Ana Maria Silva', 102938, 'Médico'),
(23456789012, 'João Pedro Santos', 293847, 'Enfermeiro'),
(34567890123, 'Mariana Oliveira Costa', 384756, 'Dentista'),
(45678901234, 'Carlos Eduardo Souza', 475869, 'Médico'),
(56789012345, 'Fernanda Lima Pereira', 586970, 'Enfermeiro'),
(67890123456, 'Paulo Roberto Dias', 698071, 'Dentista'),
(78901234567, 'Letícia Gonçalves Rocha', 809172, 'Médico'),
(89012345678, 'Ricardo Almeida Nogueira', 910273, 'Enfermeiro'),
(90123456789, 'Camila Martins Carvalho', 101374, 'Dentista'),
(12309845678, 'Lucas Ferreira Gomes', 112475, 'Médico'),
(23456789101, 'Juliana Mendes Almeida', 223586, 'Enfermeiro'),
(34567890212, 'Roberto Santos Ferreira', 334697, 'Dentista'),
(45678901323, 'Tatiane Lima e Silva', 445808, 'Médico'),
(56789012434, 'Eduardo Costa Andrade', 556919, 'Enfermeiro'),
(67890123545, 'Cláudia Araújo Oliveira', 667020, 'Dentista'),
(78901234656, 'Fernando Martins Souza', 778131, 'Médico'),
(89012345767, 'Sérgio Henrique Dias', 889242, 'Enfermeiro'),
(90123456878, 'Vanessa Almeida Nascimento', 990353, 'Dentista'),
(12309845679, 'Paulo Ricardo Lima', 101464, 'Médico'),
(23456789102, 'Priscila Rocha de Lima', 212575, 'Enfermeiro'),
(34567890213, 'Leonardo Pereira Santos', 323686, 'Dentista'),
(45678901324, 'Marcos Paulo Silva', 434797, 'Médico'),
(56789012435, 'Tatiane Gomes da Silva', 545808, 'Enfermeiro'),
(67890123546, 'Aline Rosa da Costa', 656919, 'Dentista'),
(78901234657, 'Felipe Martins Almeida', 767020, 'Médico'),
(89012345768, 'Juliana Lima Santos', 878131, 'Enfermeiro'),
(90123456879, 'Thais Ferreira Rocha', 989242, 'Dentista'),
(12309845680, 'Alexandre Ribeiro Nogueira', 101353, 'Médico'),
(23456789103, 'Jessica Mendes Carvalho', 212464, 'Enfermeiro'),
(34567890214, 'Rafael Silva de Almeida', 323575, 'Dentista'),
(45678901325, 'Monique Costa Pereira', 434686, 'Médico'),
(56789012436, 'Fabiana Oliveira Martins', 545797, 'Enfermeiro'),
(67890123547, 'Ricardo Gomes da Silva', 656808, 'Dentista'),
(78901234658, 'Larissa Ferreira Lima', 767919, 'Médico'),
(89012345769, 'Diogo Nascimento Rocha', 878020, 'Enfermeiro'),
(90123456880, 'Sandra Almeida Ferreira', 989131, 'Dentista'),
(12309845681, 'André Gomes de Souza', 101242, 'Médico'),
(23456789104, 'Karina Araújo Lima', 212353, 'Enfermeiro'),
(34567890215, 'Pedro Henrique da Silva', 323464, 'Dentista'),
(45678901326, 'Tatiane Mendes Nascimento', 434575, 'Médico'),
(56789012437, 'Leonardo Costa e Silva', 545686, 'Enfermeiro'),
(67890123548, 'Bruna Martins Pereira', 656797, 'Dentista'),
(78901234659, 'Gabriel Silva Oliveira', 767808, 'Médico'),
(89012345770, 'Evelyn Araújo Santos', 878919, 'Enfermeiro'),
(90123456881, 'Victor Almeida Ferreira', 989020, 'Dentista'),
(12309845682, 'Mariana Oliveira Ribeiro', 101131, 'Médico'),
(23456789105, 'Henrique Costa Gomes', 212242, 'Enfermeiro'),
(34567890216, 'Cláudia Nascimento Lima', 323353, 'Dentista'),
(45678901327, 'Ana Paula da Silva', 434464, 'Médico'),
(56789012438, 'Daniel Oliveira Santos', 545575, 'Enfermeiro'),
(67890123549, 'Patrícia Mendes Ferreira', 656686, 'Dentista'),
(78901234660, 'Felipe Araújo Nascimento', 767797, 'Médico'),
(89012345771, 'Jessica Gomes Ribeiro', 878808, 'Enfermeiro'),
(90123456882, 'Lucas Santos Almeida', 989919, 'Dentista'),
(12309845683, 'Gabriela Pereira Lima', 101020, 'Médico'),
(23456789106, 'César Henrique da Costa', 212131, 'Enfermeiro'),
(34567890217, 'Roberta Silva Nascimento', 323242, 'Dentista'),
(45678901328, 'Ricardo Costa Almeida', 434353, 'Médico'),
(56789012439, 'Luana Araújo de Souza', 545464, 'Enfermeiro'),
(67890123550, 'Bruno Mendes Ribeiro', 656575, 'Dentista'),
(78901234661, 'Amanda Martins Nascimento', 767686, 'Médico'),
(89012345772, 'Anderson Lima Santos', 878797, 'Enfermeiro'),
(90123456883, 'Érica da Silva Ferreira', 989808, 'Dentista'),
(12309845684, 'Renato Gomes Almeida', 101919, 'Médico'),
(23456789107, 'Luciana Costa Lima', 212020, 'Enfermeiro'),
(34567890218, 'Rodrigo Pereira Nascimento', 323131, 'Dentista'),
(45678901329, 'Mariana Santos da Silva', 434242, 'Médico'),
(56789012440, 'Juliana Martins Costa', 545353, 'Enfermeiro'),
(67890123551, 'Rafael Araújo Almeida', 656464, 'Dentista'),
(78901234662, 'Tatiane Gomes Ribeiro', 767575, 'Médico'),
(89012345773, 'Guilherme Santos Lima', 878686, 'Enfermeiro'),
(90123456884, 'Claudia Oliveira Nascimento', 989797, 'Dentista'),
(12309845685, 'Alana Pereira da Silva', 101808, 'Médico'),
(23456789108, 'Carlos Eduardo Mendes', 212919, 'Enfermeiro'),
(34567890219, 'Fernanda Lima Nascimento', 323020, 'Dentista'),
(45678901330, 'Felipe Costa Almeida', 434131, 'Médico'),
(56789012441, 'Mariana Santos Ferreira', 545242, 'Enfermeiro'),
(67890123552, 'Eduardo Gomes Ribeiro', 656353, 'Dentista'),
(78901234663, 'Roberta Araújo da Silva', 767464, 'Médico'),
(89012345774, 'Thiago Nascimento Lima', 878575, 'Enfermeiro'),
(90123456885, 'Tatiane Martins Santos', 989686, 'Dentista'),
(12309845686, 'Carlos Silva de Almeida', 101797, 'Médico'),
(23456789109, 'Ana Paula Pereira', 212808, 'Enfermeiro'),
(34567890220, 'Juliana Santos Ferreira', 323919, 'Dentista'),
(45678901331, 'Ricardo Lima Almeida', 434020, 'Médico'),
(56789012442, 'César Henrique Santos', 545131, 'Enfermeiro'),
(67890123553, 'Mariana Araújo Costa', 656242, 'Dentista'),
(78901234664, 'Lúcia Martins Nascimento', 767353, 'Médico'),
(89012345775, 'Ana Beatriz Silva', 878464, 'Enfermeiro'),
(90123456886, 'Gabriel Mendes Almeida', 989575, 'Dentista');

-- Inserindo 44 doencas
INSERT INTO doenca (nome_doenca, letalidade, contagioso) VALUES
('COVID-19', 2.0, TRUE),
('Gripe', 0.1, TRUE),
('Dengue', 0.02, FALSE),
('Malária', 0.3, FALSE),
('Ebola', 50.0, TRUE),
('Tuberculose', 10.0, TRUE),
('HIV/AIDS', 3.0, TRUE),
('Sarampo', 0.2, TRUE),
('Câncer de pulmão', 20.0, FALSE),
('Diabetes tipo 2', 1.5, FALSE),
('Hepatite B', 5.0, TRUE),
('Hepatite C', 1.0, FALSE),
('Zika', 0.01, TRUE),
('Febre amarela', 30.0, TRUE),
('Câncer de mama', 15.0, FALSE),
('Acidente vascular cerebral', 10.0, FALSE),
('Pneumonia', 5.0, TRUE),
('Doença de Chagas', 4.0, FALSE),
('Câncer colorretal', 18.0, FALSE),
('Câncer de próstata', 10.0, FALSE),
('Doença pulmonar obstrutiva crônica', 5.5, FALSE),
('Hiperlipidemia', 1.0, FALSE),
('Sífilis', 0.05, TRUE),
('Câncer de fígado', 22.0, FALSE),
('Hipertenção arterial', 2.0, FALSE),
('Asma', 0.1, FALSE),
('Doença celíaca', 0.01, FALSE),
('Artrite reumatoide', 0.1, FALSE),
('Fibrose cística', 3.0, FALSE),
('Esclerose múltipla', 0.5, FALSE),
('Parkinson', 0.5, FALSE),
('Doença de Alzheimer', 0.3, FALSE),
('Acidente ofídico', 10.0, TRUE),
('Lepra', 1.0, TRUE),
('Chikungunya', 0.02, TRUE),
('Candidíase', 0.01, FALSE),
('Cocô bacteriano', 0.2, TRUE),
('Colite ulcerativa', 0.1, FALSE),
('Diálise renal', 5.0, FALSE),
('Distrofia muscular', 0.1, FALSE),
('Hipertermia maligna', 5.0, TRUE),
('Infecção urinária', 0.05, TRUE),
('Tétano', 10.0, TRUE),
('Tracoma', 0.5, TRUE);


-- Inserindo 108 pacientes
INSERT INTO paciente (cpf_paciente, nome_paciente, genero, idade) VALUES
(12345678901, 'Maria Souza', 'Feminino', 34),
(23456789012, 'João Silva', 'Masculino', 45),
(34567890123, 'Ana Oliveira', 'Feminino', 28),
(45678901234, 'Pedro Santos', 'Masculino', 52),
(56789012345, 'Fernanda Lima', 'Feminino', 40),
(67890123456, 'Lucas Pereira', 'Masculino', 30),
(78901234567, 'Carla Mendes', 'Feminino', 23),
(89012345678, 'Rafael Almeida', 'Masculino', 36),
(90123456789, 'Camila Ferreira', 'Feminino', 27),
(12309845678, 'Rodrigo Nogueira', 'Masculino', 50),
(23456789011, 'Tatiane Costa', 'Feminino', 22),
(34567890134, 'Gustavo Martins', 'Masculino', 31),
(45678901245, 'Juliana Rocha', 'Feminino', 29),
(56789012356, 'Tiago Gomes', 'Masculino', 48),
(67890123467, 'Isabella Lima', 'Feminino', 33),
(78901234578, 'Felipe Dias', 'Masculino', 39),
(89010345689, 'Aline Almeida', 'Feminino', 26),
(90123456790, 'André Santos', 'Masculino', 37),
(12309845679, 'Natalia Ferreira', 'Feminino', 21),
(23456789013, 'Fernando Soares', 'Masculino', 44),
(34567890124, 'Larissa Carvalho', 'Feminino', 25),
(45678901235, 'Roberto Alves', 'Masculino', 55),
(56789012346, 'Sofia Martins', 'Feminino', 32),
(67890123457, 'Bruno Lima', 'Masculino', 49),
(78901234568, 'Patrícia Gomes', 'Feminino', 41),
(89012345680, 'Marcos Silva', 'Masculino', 38),
(90123456791, 'Jessica Costa', 'Feminino', 30),
(12309845680, 'Leonardo Oliveira', 'Masculino', 47),
(23456789014, 'Mariana Santos', 'Feminino', 24),
(34567890135, 'Diego Ferreira', 'Masculino', 53),
(45678901236, 'Camila Mendes', 'Feminino', 35),
(56789012347, 'Henrique Nogueira', 'Masculino', 42),
(67890123458, 'Clara Almeida', 'Feminino', 39),
(78901234569, 'Thiago Rocha', 'Masculino', 26),
(89012345681, 'Rafaela Silva', 'Feminino', 28),
(90123456792, 'Fábio Gomes', 'Masculino', 50),
(12309845681, 'Daniele Costa', 'Feminino', 34),
(23456789015, 'Vinícius Lima', 'Masculino', 31),
(34567890136, 'Yasmin Ferreira', 'Feminino', 22),
(45678901237, 'Júlio Santos', 'Masculino', 45),
(56789012348, 'Marina Almeida', 'Feminino', 40),
(67890123459, 'Carlos Silva', 'Masculino', 54),
(78901234570, 'Luciana Rocha', 'Feminino', 30),
(89012345682, 'Gabriel Ferreira', 'Masculino', 39),
(90123456793, 'Eduarda Nogueira', 'Feminino', 26),
(12309845682, 'Ricardo Santos', 'Masculino', 48),
(23456789016, 'Bianca Lima', 'Feminino', 27),
(34567890137, 'Marcelo Costa', 'Masculino', 53),
(45678901238, 'Fernanda Soares', 'Feminino', 29),
(56789012349, 'Lucas Almeida', 'Masculino', 38),
(67890123460, 'Vanessa Silva', 'Feminino', 35),
(78901234571, 'Paulo Rocha', 'Masculino', 43),
(89012345683, 'Aline Ferreira', 'Feminino', 30),
(90123456794, 'Jonathan Nogueira', 'Masculino', 45),
(12309845683, 'Cristiane Santos', 'Feminino', 42),
(23456789017, 'Anderson Silva', 'Masculino', 46),
(34567890138, 'Lívia Rocha', 'Feminino', 33),
(45678901239, 'Mário Costa', 'Masculino', 29),
(56789012350, 'Roberta Nogueira', 'Feminino', 25),
(67890123461, 'Fabiano Ferreira', 'Masculino', 38),
(78901234572, 'Elaine Silva', 'Feminino', 41),
(89012345684, 'Vinícius Gomes', 'Masculino', 35),
(90123456795, 'Diana Santos', 'Feminino', 36),
(12309845684, 'Rogerio Alves', 'Masculino', 51),
(23456789018, 'Tatiane Oliveira', 'Feminino', 30),
(34567890139, 'Jeferson Lima', 'Masculino', 40),
(45678901240, 'Juliane Ferreira', 'Feminino', 28),
(56789012351, 'Vitor Santos', 'Masculino', 32),
(67890123462, 'Eliane Nogueira', 'Feminino', 39),
(78901234573, 'Wellington Costa', 'Masculino', 37),
(89012345685, 'Luan Almeida', 'Masculino', 29),
(90123456796, 'Cynthia Rocha', 'Feminino', 24),
(12309845685, 'Murilo Ferreira', 'Masculino', 41),
(23456789019, 'Marina Silva', 'Feminino', 26),
(34567890140, 'Alexandre Santos', 'Masculino', 49),
(45678901241, 'Priscila Lima', 'Feminino', 32),
(56789012352, 'Fernando Gomes', 'Masculino', 34),
(67890123463, 'Jessica Costa', 'Feminino', 21),
(78901234574, 'Sérgio Almeida', 'Masculino', 54),
(89012345686, 'Tatiane Oliveira', 'Feminino', 33),
(90123456797, 'Leonardo Santos', 'Masculino', 42),
(12309845686, 'Natalia Ferreira', 'Feminino', 38),
(23456789020, 'Gabriel Lima', 'Masculino', 30),
(34567890141, 'Rafaela Costa', 'Feminino', 25),
(45678901242, 'Flávio Santos', 'Masculino', 36),
(56789012353, 'Carolina Rocha', 'Feminino', 40),
(67890123464, 'Gustavo Almeida', 'Masculino', 39),
(78901234575, 'Roberto Lima', 'Masculino', 44),
(89012345687, 'Amanda Santos', 'Feminino', 22),
(90123456798, 'Edson Ferreira', 'Masculino', 45),
(12309845687, 'Aline Almeida', 'Feminino', 30),
(23456789021, 'Fernando Gomes', 'Masculino', 38),
(34567890142, 'Elisa Santos', 'Feminino', 27),
(45678901243, 'Daniel Lima', 'Masculino', 32),
(56789012354, 'Renata Rocha', 'Feminino', 24),
(67890123465, 'Thiago Ferreira', 'Masculino', 33),
(78901234576, 'Juliana Santos', 'Feminino', 29),
(89012345688, 'Ricardo Almeida', 'Masculino', 40),
(90123456799, 'Letícia Costa', 'Feminino', 35),
(12309845688, 'Marcelo Ferreira', 'Masculino', 28),
(23456789022, 'Cristiane Lima', 'Feminino', 39),
(34567890143, 'Fábio Santos', 'Masculino', 45),
(45678901244, 'Gabriela Rocha', 'Feminino', 36),
(56789012355, 'Renan Silva', 'Masculino', 52),
(67890123466, 'Verônica Nogueira', 'Feminino', 22),
(78901234577, 'Júlio Almeida', 'Masculino', 37),
(89012345689, 'Lívia Ferreira', 'Feminino', 31),
(90123456800, 'Alberto Costa', 'Masculino', 46);


-- Inserindo 81 unidades de saude
INSERT INTO unidade_saude (nome_unidade, capacidade, ref_municipio) VALUES
('Hospital Central', 200, 1),
('Posto de Saúde Jardim Flores', 50, 2),
('UBS São José', 75, 3),
('Hospital Santa Luzia', 300, 4),
('Posto de Saúde Vila Esperança', 60, 5),
('Clínica Familiar Nova Vida', 100, 6),
('UBS Santa Maria', 80, 7),
('Hospital Geral', 250, 8),
('Posto de Saúde Monte Verde', 45, 9),
('Clínica Popular Boa Saúde', 90, 10),
('Hospital Municipal', 150, 11),
('Posto de Saúde Centro', 70, 12),
('UBS Vila Nova', 85, 13),
('Hospital do Coração', 120, 14),
('Posto de Saúde Jardim São Paulo', 40, 15),
('Clínica de Especialidades', 110, 16),
('UBS Nova Esperança', 65, 17),
('Hospital da Mulher', 200, 18),
('Posto de Saúde Parque Verde', 55, 19),
('Clínica Medica Saúde Total', 130, 20),
('Hospital Infantil', 180, 21),
('Posto de Saúde Cidade Nova', 45, 22),
('UBS Monte Azul', 90, 23),
('Hospital Veterano', 160, 24),
('Posto de Saúde Vila União', 50, 25),
('Clínica do Bem Estar', 100, 26),
('UBS Centro Leste', 75, 27),
('Hospital de Reabilitação', 220, 28),
('Posto de Saúde Ribeirão', 60, 29),
('Clínica de Saúde Mental', 140, 30),
('Hospital Universitário', 300, 31),
('Posto de Saúde Morumbi', 80, 32),
('UBS Jardim das Oliveiras', 85, 33),
('Hospital da Família', 150, 34),
('Posto de Saúde Santa Clara', 70, 35),
('Clínica de Fisioterapia', 130, 36),
('UBS Vila Maria', 65, 37),
('Hospital de Câncer', 200, 38),
('Posto de Saúde Nova Esperança', 50, 39),
('Clínica de Diabetes', 100, 40),
('Hospital Regional', 250, 41),
('Posto de Saúde Vila Verde', 40, 42),
('UBS São Lucas', 90, 43),
('Hospital Geral de São Paulo', 180, 44),
('Posto de Saúde Cidade Jardim', 55, 45),
('Clínica de Imunização', 110, 46),
('UBS Arco-Íris', 70, 47),
('Hospital de Trauma', 250, 48),
('Posto de Saúde Parque das Nações', 60, 49),
('Clínica de Dor Crônica', 140, 50),
('Hospital da Criança', 160, 51),
('Posto de Saúde Jardim América', 45, 52),
('UBS Nova Luz', 80, 53),
('Hospital da Mãe', 200, 54),
('Posto de Saúde Vila São Jorge', 50, 55),
('Clínica de Oncologia', 130, 56),
('UBS São Francisco', 75, 57),
('Hospital de Emergência', 300, 58),
('Posto de Saúde Belém', 55, 59),
('Clínica de Atendimento ao Idoso', 120, 60),
('Hospital e Maternidade São Vicente', 220, 61),
('Posto de Saúde Nova Vida', 60, 62),
('UBS Jardim Paulista', 85, 63),
('Hospital dos Servidores', 180, 64),
('Posto de Saúde Nova Esperança', 50, 65),
('Clínica de Saúde da Família', 100, 66),
('UBS Bela Vista', 75, 67),
('Hospital do Idoso', 150, 68),
('Posto de Saúde Jardim do Sol', 40, 69),
('Clínica de Cardiologia', 110, 70),
('Hospital Metropolitano', 250, 71),
('Posto de Saúde Vila Esperança', 45, 72),
('UBS Cidade Nova', 90, 73),
('Hospital do Rim', 200, 74),
('Posto de Saúde Vila Nova', 50, 75),
('Clínica de Nutrição', 100, 1),
('UBS Nova São Paulo', 70, 2),
('Hospital de Olhos', 160, 3),
('Posto de Saúde Jardim Verde', 60, 4),
('Clínica de Saúde Infantil', 130, 5),
('Hospital da Mulher e da Criança', 220, 6);


-- 85 investimentos
INSERT INTO investimento (ref_municipio_investimento, valor_investimento, data_investimento) VALUES
(1, 500000.00, '2023-01-15'),
(2, 750000.00, '2023-02-20'),
(3, 300000.00, '2023-03-10'),
(4, 1000000.00, '2023-04-25'),
(5, 450000.00, '2023-05-30'),
(1, 650000.00, '2023-06-15'),
(3, 200000.00, '2023-07-05'),
(2, 800000.00, '2023-08-10'),
(4, 1200000.00, '2023-09-20'),
(5, 350000.00, '2023-10-05'),
(6, 900000.00, '2023-11-01'),
(7, 1100000.00, '2023-11-15'),
(8, 650000.00, '2023-12-10'),
(9, 500000.00, '2024-01-05'),
(10, 800000.00, '2024-01-20'),
(11, 300000.00, '2024-02-10'),
(12, 950000.00, '2024-02-25'),
(13, 700000.00, '2024-03-15'),
(14, 600000.00, '2024-04-10'),
(15, 1200000.00, '2024-04-20'),
(16, 350000.00, '2024-05-05'),
(17, 550000.00, '2024-05-15'),
(18, 200000.00, '2024-06-01'),
(19, 900000.00, '2024-06-15'),
(20, 1100000.00, '2024-07-05'),
(21, 400000.00, '2024-07-10'),
(22, 450000.00, '2024-08-20'),
(23, 750000.00, '2024-09-01'),
(24, 300000.00, '2024-09-15'),
(25, 800000.00, '2024-10-10'),
(26, 650000.00, '2024-10-25'),
(27, 950000.00, '2024-11-15'),
(28, 550000.00, '2024-12-01'),
(29, 1200000.00, '2024-12-20'),
(30, 700000.00, '2025-01-10'),
(31, 300000.00, '2025-01-15'),
(32, 850000.00, '2025-02-01'),
(33, 600000.00, '2025-02-20'),
(34, 450000.00, '2025-03-10'),
(35, 500000.00, '2025-03-20'),
(36, 750000.00, '2025-04-05'),
(37, 1000000.00, '2025-04-15'),
(38, 800000.00, '2025-05-01'),
(39, 200000.00, '2025-05-15'),
(40, 1200000.00, '2025-06-01'),
(41, 550000.00, '2025-06-10'),
(42, 650000.00, '2025-07-05'),
(43, 900000.00, '2025-07-15'),
(44, 700000.00, '2025-08-01'),
(45, 350000.00, '2025-08-15'),
(46, 800000.00, '2025-09-10'),
(47, 600000.00, '2025-09-20'),
(48, 300000.00, '2025-10-01'),
(49, 750000.00, '2025-10-15'),
(50, 500000.00, '2025-11-01'),
(51, 650000.00, '2025-11-20'),
(52, 950000.00, '2025-12-05'),
(53, 1100000.00, '2025-12-20'),
(54, 400000.00, '2026-01-10'),
(55, 800000.00, '2026-01-25'),
(56, 900000.00, '2026-02-05'),
(57, 500000.00, '2026-02-15'),
(58, 1200000.00, '2026-03-10'),
(59, 300000.00, '2026-03-25'),
(60, 650000.00, '2026-04-05'),
(61, 400000.00, '2026-04-20'),
(62, 750000.00, '2026-05-01'),
(63, 1000000.00, '2026-05-15'),
(64, 200000.00, '2026-06-05'),
(65, 550000.00, '2026-06-20'),
(66, 800000.00, '2026-07-10'),
(67, 450000.00, '2026-07-25'),
(68, 900000.00, '2026-08-05'),
(69, 350000.00, '2026-08-15'),
(70, 1200000.00, '2026-09-01'),
(71, 500000.00, '2026-09-20'),
(72, 650000.00, '2026-10-10'),
(73, 300000.00, '2026-10-25'),
(74, 750000.00, '2026-11-05'),
(75, 550000.00, '2026-11-20'),
(1, 900000.00, '2026-12-05'),
(2, 1000000.00, '2027-01-10'),
(3, 450000.00, '2027-01-25'),
(4, 800000.00, '2027-02-05'),
(5, 1200000.00, '2027-02-20');


-- Inserindo 132 diagnosticos
INSERT INTO diagnostico (ref_paciente, ref_doenca) VALUES
(12345678901, 'COVID-19'),
(23456789012, 'Gripe'),
(34567890123, 'Dengue'),
(45678901234, 'Malária'),
(56789012345, 'Ebola'),
(67890123456, 'Tuberculose'),
(78901234567, 'HIV/AIDS'),
(89012345678, 'Sarampo'),
(90123456789, 'Câncer de pulmão'),
(12309845678, 'Diabetes tipo 2'),
(23456789011, 'Hepatite B'),
(34567890134, 'Hepatite C'),
(45678901245, 'Zika'),
(56789012356, 'Febre amarela'),
(67890123467, 'Câncer de mama'),
(78901234578, 'Acidente vascular cerebral'),
(89010345689, 'Pneumonia'),
(90123456790, 'Doença de Chagas'),
(12309845679, 'Câncer colorretal'),
(23456789013, 'Câncer de próstata'),
(34567890124, 'Doença pulmonar obstrutiva crônica'),
(45678901235, 'Hiperlipidemia'),
(56789012346, 'Sífilis'),
(67890123457, 'Câncer de fígado'),
(78901234568, 'Hipertenção arterial'),
(89012345680, 'Asma'),
(90123456791, 'Doença celíaca'),
(12309845680, 'Artrite reumatoide'),
(23456789014, 'Fibrose cística'),
(34567890135, 'Esclerose múltipla'),
(45678901236, 'Parkinson'),
(56789012347, 'Doença de Alzheimer'),
(67890123458, 'Acidente ofídico'),
(78901234569, 'Lepra'),
(89012345681, 'Chikungunya'),
(90123456792, 'Candidíase'),
(12309845681, 'Cocô bacteriano'),
(23456789015, 'Colite ulcerativa'),
(34567890136, 'Diálise renal'),
(45678901237, 'Distrofia muscular'),
(56789012348, 'Hipertermia maligna'),
(67890123459, 'Infecção urinária'),
(78901234570, 'Tétano'),
(89012345682, 'Tracoma'),
(90123456793, 'COVID-19'),
(12309845682, 'Gripe'),
(23456789016, 'Dengue'),
(34567890137, 'Malária'),
(45678901238, 'Ebola'),
(56789012349, 'Tuberculose'),
(67890123460, 'HIV/AIDS'),
(78901234571, 'Sarampo'),
(89012345683, 'Câncer de pulmão'),
(90123456794, 'Diabetes tipo 2'),
(12309845683, 'Hepatite B'),
(23456789017, 'Hepatite C'),
(34567890138, 'Zika'),
(45678901239, 'Febre amarela'),
(56789012350, 'Câncer de mama'),
(67890123461, 'Acidente vascular cerebral'),
(78901234572, 'Pneumonia'),
(89012345684, 'Doença de Chagas'),
(90123456795, 'Câncer colorretal'),
(12309845684, 'Câncer de próstata'),
(23456789018, 'Doença pulmonar obstrutiva crônica'),
(34567890139, 'Hiperlipidemia'),
(45678901240, 'Sífilis'),
(56789012351, 'Câncer de fígado'),
(67890123462, 'Hipertenção arterial'),
(78901234573, 'Asma'),
(89012345685, 'Doença celíaca'),
(90123456796, 'Artrite reumatoide'),
(12309845685, 'Fibrose cística'),
(23456789019, 'Esclerose múltipla'),
(34567890140, 'Parkinson'),
(45678901241, 'Doença de Alzheimer'),
(56789012352, 'Acidente ofídico'),
(67890123463, 'Lepra'),
(78901234574, 'Chikungunya'),
(89012345686, 'Candidíase'),
(90123456797, 'Cocô bacteriano'),
(12309845686, 'Colite ulcerativa'),
(23456789020, 'Diálise renal'),
(34567890141, 'Distrofia muscular'),
(45678901242, 'Hipertermia maligna'),
(56789012353, 'Infecção urinária'),
(67890123464, 'Tétano'),
(78901234575, 'Tracoma'),
(89012345687, 'COVID-19'),
(90123456798, 'Gripe'),
(12309845687, 'Dengue'),
(23456789021, 'Malária'),
(34567890142, 'Ebola'),
(45678901243, 'Tuberculose'),
(56789012354, 'HIV/AIDS'),
(67890123465, 'Sarampo'),
(78901234576, 'Câncer de pulmão'),
(89012345688, 'Diabetes tipo 2'),
(90123456799, 'Hepatite B'),
(12309845688, 'Hepatite C'),
(23456789022, 'Zika'),
(34567890143, 'Febre amarela'),
(45678901244, 'Câncer de mama'),
(56789012355, 'Acidente vascular cerebral'),
(67890123466, 'Pneumonia'),
(78901234577, 'Doença de Chagas'),
(89012345689, 'Câncer colorretal'),
(90123456800, 'Câncer de próstata'),
(56789012345, 'Doença pulmonar obstrutiva crônica'),
(67890123456, 'Hiperlipidemia'),
(78901234567, 'Sífilis'),
(89012345678, 'Câncer de fígado'),
(90123456789, 'Hipertenção arterial'),
(12309845678, 'Asma'),
(23456789011, 'Doença celíaca'),
(34567890134, 'Artrite reumatoide'),
(45678901245, 'Fibrose cística'),
(56789012356, 'Esclerose múltipla'),
(67890123467, 'Parkinson'),
(78901234578, 'Doença de Alzheimer'),
(89010345689, 'Acidente ofídico'),
(90123456790, 'Lepra'),
(12309845679, 'Chikungunya'),
(23456789013, 'Candidíase'),
(34567890124, 'Cocô bacteriano'),
(45678901235, 'Colite ulcerativa'),
(56789012346, 'Diálise renal'),
(67890123457, 'Distrofia muscular'),
(78901234568, 'Hipertermia maligna'),
(89012345680, 'Infecção urinária'),
(90123456791, 'Tétano'),
(12309845680, 'Tracoma');


-- Inserindo 90 atuacoes
INSERT INTO atuacao (ref_unidade, ref_profissional, cargo, horas_trabalho) VALUES
(1, 12345678900, 'Médico', 40),
(1, 23456789012, 'Enfermeiro', 36),
(2, 34567890123, 'Técnico de Enfermagem', 32),
(2, 45678901234, 'Médico', 40),
(3, 56789012345, 'Enfermeiro', 30),
(3, 67890123456, 'Médico', 38),
(4, 78901234567, 'Psicólogo', 20),
(4, 89012345678, 'Nutricionista', 20),
(5, 90123456789, 'Fisioterapeuta', 40),
(5, 12309845678, 'Médico', 40),
(6, 23456789101, 'Técnico de Enfermagem', 32),
(6, 34567890212, 'Enfermeiro', 36),
(7, 45678901323, 'Médico', 40),
(7, 56789012434, 'Enfermeiro', 30),
(8, 67890123545, 'Médico', 40),
(8, 78901234656, 'Psicólogo', 20),
(9, 89012345767, 'Nutricionista', 20),
(9, 90123456878, 'Técnico de Enfermagem', 32),
(10, 12309845679, 'Médico', 40),
(10, 23456789102, 'Fisioterapeuta', 36),
(11, 34567890213, 'Médico', 40),
(11, 45678901324, 'Enfermeiro', 30),
(12, 56789012435, 'Médico', 40),
(12, 67890123546, 'Psicólogo', 20),
(13, 78901234657, 'Nutricionista', 20),
(13, 89012345768, 'Técnico de Enfermagem', 32),
(14, 90123456879, 'Médico', 40),
(14, 12309845680, 'Enfermeiro', 36),
(15, 23456789103, 'Médico', 40),
(15, 34567890214, 'Fisioterapeuta', 36),
(16, 45678901325, 'Médico', 40),
(16, 56789012436, 'Técnico de Enfermagem', 32),
(17, 67890123547, 'Médico', 40),
(17, 78901234658, 'Enfermeiro', 36),
(18, 89012345769, 'Médico', 40),
(18, 90123456880, 'Psicólogo', 20),
(19, 12309845681, 'Nutricionista', 20),
(19, 23456789104, 'Fisioterapeuta', 36),
(20, 34567890215, 'Médico', 40),
(20, 45678901326, 'Enfermeiro', 30),
(21, 56789012437, 'Médico', 40),
(21, 67890123548, 'Psicólogo', 20),
(22, 78901234659, 'Nutricionista', 20),
(22, 89012345770, 'Técnico de Enfermagem', 32),
(23, 90123456881, 'Médico', 40),
(23, 12309845682, 'Enfermeiro', 30),
(24, 23456789105, 'Médico', 40),
(24, 34567890216, 'Psicólogo', 20),
(25, 45678901327, 'Nutricionista', 20),
(25, 56789012438, 'Técnico de Enfermagem', 32),
(26, 67890123549, 'Médico', 40),
(26, 78901234660, 'Enfermeiro', 36),
(27, 89012345771, 'Médico', 40),
(27, 90123456882, 'Fisioterapeuta', 36),
(28, 12309845683, 'Médico', 40),
(28, 23456789106, 'Psicólogo', 20),
(29, 34567890217, 'Nutricionista', 20),
(29, 45678901328, 'Técnico de Enfermagem', 32),
(30, 56789012439, 'Médico', 40),
(30, 67890123550, 'Enfermeiro', 30),
(31, 78901234661, 'Médico', 40),
(31, 89012345772, 'Psicólogo', 20),
(32, 90123456883, 'Nutricionista', 20),
(32, 12309845684, 'Fisioterapeuta', 36),
(33, 23456789107, 'Médico', 40),
(33, 34567890218, 'Enfermeiro', 36),
(34, 45678901329, 'Médico', 40),
(34, 56789012440, 'Técnico de Enfermagem', 32),
(35, 67890123551, 'Médico', 40),
(35, 78901234662, 'Enfermeiro', 30),
(36, 89012345773, 'Médico', 40),
(36, 90123456884, 'Psicólogo', 20),
(37, 12309845685, 'Nutricionista', 20),
(37, 23456789108, 'Fisioterapeuta', 36),
(38, 34567890219, 'Médico', 40),
(38, 45678901330, 'Enfermeiro', 30),
(39, 56789012441, 'Médico', 40),
(39, 67890123552, 'Psicólogo', 20),
(40, 78901234663, 'Nutricionista', 20),
(40, 89012345774, 'Técnico de Enfermagem', 32),
(41, 90123456885, 'Médico', 40),
(41, 12309845686, 'Enfermeiro', 36),
(42, 23456789109, 'Médico', 40),
(42, 34567890220, 'Fisioterapeuta', 36),
(43, 45678901331, 'Médico', 40),
(43, 56789012442, 'Técnico de Enfermagem', 32),
(44, 67890123553, 'Médico', 40),
(44, 78901234664, 'Psicólogo', 20),
(45, 89012345775, 'Nutricionista', 20),
(45, 90123456886, 'Enfermeiro', 30);


-- Inserindo 109 atendimentos
INSERT INTO atendimento (ref_paciente_atendimento, data_atendimento, ref_unidade_atendimento, ref_profissional_atendimento) VALUES
(12345678901, '2023-01-15 09:00:00', 1, 12345678900), 
(23456789012, '2023-02-20 10:30:00', 2, 23456789012), 
(34567890123, '2023-01-12 14:00:00', 3, 34567890123), 
(45678901234, '2023-03-05 09:30:00', 4, 45678901234), 
(56789012345, '2023-03-10 11:00:00', 2, 56789012345), 
(67890123456, '2023-04-15 14:00:00', 1, 67890123456), 
(78901234567, '2023-01-10 08:30:00', 5, 78901234567), 
(89012345678, '2023-02-25 14:00:00', 3, 89012345678), 
(90123456789, '2023-03-15 10:00:00', 6, 90123456789), 
(12309845678, '2023-04-01 09:30:00', 2, 12309845678), 
(23456789011, '2023-05-10 14:15:00', 7, 23456789101), 
(34567890134, '2023-01-30 10:00:00', 4, 34567890212), 
(45678901245, '2023-02-05 09:00:00', 1, 45678901323), 
(56789012356, '2023-02-15 11:00:00', 2, 56789012434), 
(67890123467, '2023-02-20 14:30:00', 3, 67890123545), 
(78901234578, '2023-03-18 14:00:00', 5, 78901234656), 
(89010345689, '2023-04-02 09:00:00', 6, 89012345767), 
(90123456790, '2023-04-10 15:00:00', 1, 90123456878), 
(12309845679, '2023-05-05 10:00:00', 7, 12309845679), 
(23456789013, '2023-06-05 14:00:00', 8, 23456789102), 
(34567890124, '2023-06-15 14:30:00', 4, 34567890213), 
(45678901235, '2023-07-01 09:00:00', 5, 45678901324), 
(56789012346, '2023-07-12 14:15:00', 1, 56789012435), 
(67890123457, '2023-07-20 10:00:00', 2, 67890123546), 
(78901234568, '2023-08-02 14:00:00', 3, 78901234657), 
(89012345680, '2023-08-15 11:00:00', 8, 89012345768), 
(90123456791, '2023-09-10 14:00:00', 7, 90123456879), 
(12309845680, '2023-09-20 09:30:00', 4, 12309845680), 
(23456789014, '2023-10-01 14:15:00', 6, 23456789103), 
(34567890135, '2023-10-05 15:00:00', 1, 34567890214), 
(45678901236, '2023-10-10 10:00:00', 5, 45678901325), 
(56789012347, '2023-11-01 14:00:00', 8, 56789012436), 
(67890123458, '2023-11-05 09:30:00', 3, 67890123547), 
(78901234569, '2023-11-10 14:30:00', 2, 78901234658), 
(89012345681, '2023-11-20 10:30:00', 4, 89012345769), 
(90123456792, '2023-12-02 09:00:00', 1, 90123456880), 
(12309845681, '2023-12-10 14:15:00', 6, 12309845681), 
(23456789015, '2023-12-15 14:00:00', 2, 23456789104), 
(34567890136, '2024-01-01 09:00:00', 7, 34567890215), 
(45678901237, '2024-01-15 14:00:00', 5, 45678901326), 
(56789012348, '2024-01-20 14:30:00', 3, 56789012437), 
(67890123459, '2024-01-30 10:00:00', 1, 67890123548), 
(78901234570, '2024-02-15 11:00:00', 8, 78901234659), 
(89012345682, '2024-02-20 14:00:00', 6, 89012345770), 
(90123456793, '2024-03-01 09:00:00', 5, 90123456881), 
(12309845682, '2024-03-05 14:15:00', 2, 12309845682), 
(23456789016, '2024-03-10 14:00:00', 4, 23456789105), 
(34567890137, '2024-03-15 09:30:00', 3, 34567890216), 
(45678901238, '2024-03-20 10:30:00', 8, 45678901327), 
(56789012349, '2024-04-01 14:00:00', 1, 56789012438), 
(67890123460, '2024-04-05 15:00:00', 7, 67890123549), 
(78901234571, '2024-04-10 09:00:00', 3, 78901234660), 
(89012345683, '2024-04-15 10:00:00', 2, 89012345771), 
(90123456794, '2024-04-20 14:00:00', 6, 90123456882), 
(12309845683, '2024-05-01 11:30:00', 4, 12309845683), 
(23456789017, '2024-05-05 09:15:00', 5, 23456789106), 
(34567890138, '2024-05-10 14:45:00', 8, 34567890217), 
(45678901239, '2024-05-15 14:00:00', 7, 45678901328), 
(56789012350, '2024-05-20 10:00:00', 1, 56789012439), 
(67890123461, '2024-06-01 09:30:00', 2, 67890123550), 
(78901234572, '2024-06-05 14:00:00', 3, 78901234661), 
(89012345684, '2024-06-10 15:30:00', 4, 89012345772), 
(90123456795, '2024-06-15 09:00:00', 6, 90123456883), 
(12309845684, '2024-06-20 10:30:00', 5, 12309845684), 
(23456789018, '2024-07-01 14:00:00', 2, 23456789107), 
(34567890139, '2024-07-05 09:15:00', 1, 34567890218), 
(45678901240, '2024-07-10 11:30:00', 8, 45678901329), 
(56789012351, '2024-07-15 14:45:00', 3, 56789012440), 
(67890123462, '2024-07-20 14:00:00', 7, 67890123551), 
(78901234573, '2024-08-01 10:00:00', 2, 78901234662), 
(89012345685, '2024-08-05 15:00:00', 4, 89012345773), 
(90123456796, '2024-08-10 09:00:00', 5, 90123456884), 
(12309845685, '2024-08-15 14:30:00', 1, 12309845685), 
(23456789019, '2024-08-20 10:15:00', 8, 23456789108), 
(34567890140, '2024-09-01 14:00:00', 6, 34567890219), 
(45678901241, '2024-09-05 11:00:00', 3, 45678901330), 
(56789012352, '2024-09-10 09:30:00', 2, 56789012441), 
(67890123463, '2024-09-15 14:00:00', 7, 67890123552), 
(78901234574, '2024-09-20 10:00:00', 1, 78901234663), 
(89012345686, '2024-09-25 14:30:00', 5, 89012345774), 
(90123456797, '2024-09-30 09:00:00', 4, 90123456885), 
(12309845686, '2024-10-01 10:30:00', 3, 12309845686), 
(23456789020, '2024-10-05 14:00:00', 8, 23456789109), 
(34567890141, '2024-10-10 09:15:00', 2, 34567890220), 
(45678901242, '2024-10-15 15:00:00', 6, 45678901331), 
(56789012353, '2024-10-20 14:00:00', 5, 56789012442), 
(67890123464, '2024-10-25 11:30:00', 4, 67890123553), 
(78901234575, '2024-11-01 10:00:00', 1, 78901234664), 
(89012345687, '2024-11-05 14:00:00', 3, 89012345775), 
(90123456798, '2024-11-10 09:00:00', 8, 90123456886), 
(12309845687, '2024-11-15 10:30:00', 2, 12345678900), 
(23456789021, '2024-11-20 14:15:00', 7, 23456789012), 
(34567890142, '2024-11-25 09:00:00', 6, 34567890123), 
(45678901243, '2024-12-01 14:00:00', 1, 45678901234), 
(56789012354, '2024-12-05 10:00:00', 3, 56789012345), 
(67890123465, '2024-12-10 15:30:00', 5, 67890123456), 
(78901234576, '2024-12-15 09:15:00', 8, 78901234567), 
(89012345688, '2024-12-20 14:00:00', 4, 89012345678), 
(90123456799, '2025-01-01 10:00:00', 2, 90123456789), 
(12309845688, '2025-01-05 14:30:00', 7, 12309845678), 
(23456789022, '2025-01-10 09:00:00', 6, 23456789101), 
(34567890143, '2025-01-15 14:00:00', 5, 34567890212), 
(45678901244, '2025-01-20 15:15:00', 1, 45678901323), 
(56789012355, '2025-01-25 09:30:00', 3, 56789012434), 
(67890123466, '2025-01-30 10:00:00', 8, 67890123545), 
(78901234577, '2025-02-01 14:00:00', 2, 78901234656), 
(89012345689, '2025-02-05 11:30:00', 4, 89012345767), 
(90123456800, '2025-02-10 09:00:00', 6, 90123456878), 
(12345678901, '2025-02-15 10:00:00', 5, 12309845679);






